record_id,compound_name,pubchem_cid,cas_number,raw_smiles,smiles,inchi,inchikey,endpoint,candidate_label,label_status,label_quality,evidence_type,evidence_subtype,hazard_codes,measurement_type,measurement_value,measurement_unit,baseline_value,control_value,statistical_significance,exposure_route,exposure_concentration,concentration_unit,exposure_duration,duration_unit,exposure_frequency,test_system,species,model_name,source_name,source_id,source_url,doi,publication_year,source_quality,evidence_tier,sample_weight,review_status,reviewer,reviewer_note,reviewed_at,retrieved_at,raw_file,raw_sha256,evidence_fingerprint,label,identity_key,training_origin,exposure_signature
literature:pmid24063883:isopropyl-myristate,Isopropyl myristate,,110-27-0,,CCCCCCCCCCCCCC(=O)OC(C)C,,,skin_dryness,0.0,direct_verified,direct_experimental,human_occluded_patch,no_significant_tewl_increase,,TEWL,,,,,,,,,24 hours,,,,,,European Journal of Pharmaceutical Sciences,PMID:24063883,https://pubmed.ncbi.nlm.nih.gov/24063883/,,,primary_article,A,1.0,verified,,,,,,,58a915c9ea40bd025cad2a1392b09045620016ccec7a5503c008db6d0f580dc6,0,AXISYYRBXTVTFY-UHFFFAOYSA-N,direct_experimental,unspecified|unspecified|unspecified|24 hours|unspecified|unspecified|tewl|unspecified|unspecified
literature:pmid29607504:propanol,1-Propanol,,71-23-8,,CCCO,,,skin_dryness,1.0,direct_verified,direct_experimental,repeated_human_exposure,hydration_decrease,,skin hydration,,,,,,,,,96 hours,,,,,,Contact Dermatitis,PMID:29607504,https://pubmed.ncbi.nlm.nih.gov/29607504/,,,primary_article,A,1.0,verified,,,,,,,3e3aaecf7e0216692fcef99c932d3572440c148db571f189307cd17b3e29eef3,1,BDERNNFJNOPAEC-UHFFFAOYSA-N,direct_experimental,unspecified|unspecified|unspecified|96 hours|unspecified|unspecified|skin hydration|unspecified|unspecified
literature:pmid24063883:propylene-glycol-laurate,Propylene glycol monolaurate,,142-55-2,,CCCCCCCCCCCC(=O)OCC(C)O,,,skin_dryness,0.0,direct_verified,direct_experimental,human_occluded_patch,no_significant_tewl_increase,,TEWL,,,,,,,,,24 hours,,,,,,European Journal of Pharmaceutical Sciences,PMID:24063883,https://pubmed.ncbi.nlm.nih.gov/24063883/,,,primary_article,A,1.0,verified,,,,,,,22c746b52f076d8075db4d9cb785cba033ad93d33d4bf43207b3d0c2339f15bd,0,BHIZVZJETFVJMJ-UHFFFAOYSA-N,direct_experimental,unspecified|unspecified|unspecified|24 hours|unspecified|unspecified|tewl|unspecified|unspecified
literature:pmid8409532:acetone,Acetone,180.0,67-64-1,CC(=O)C,CC(C)=O,InChI=1S/C3H6O/c1-3(2)4/h1-2H3,CSCPPACGZOOCGX-UHFFFAOYSA-N,skin_dryness,0.0,direct_verified,direct_experimental,direct_experimental,no_significant_tewl_increase,,TEWL / skin barrier function,no significant difference,study-reported,study baseline,water and unexposed skin,No TEWL difference from water-treated and unexposed controls was reported.,dermal,neat solvent,not applicable,1-12,minutes,single exposure,excised human skin,human,,Journal of Investigative Dermatology,PMID:8409532,https://pubmed.ncbi.nlm.nih.gov/8409532/,,1993.0,primary_article,A,1.0,verified,RalphGuard evidence mapping v2,Explicit experimental negative at the stated short exposure; absence of other evidence was not used.,2026-08-20,2026-08-20T16:18:14.828506+00:00,not_committed_pubmed_xml,eeb61a0e7e81a2d96edd2a46506e84250180ef7f4ca7bea2cb75a8ab5686ae85,99432d4b03b2a934d647277623d9b2d1473d7fbc42234b4705713152ade4a97d,0,CSCPPACGZOOCGX-UHFFFAOYSA-N,direct_experimental,dermal|neat solvent|not applicable|1-12|minutes|single exposure|tewl / skin barrier function|excised human skin|human
clp:607-026-00-7:105-46-4,Sec-Butyl acetate,7758.0,105-46-4,,CCC(C)OC(C)=O,,DCKVNWZUADLDEH-UHFFFAOYSA-N,skin_dryness,1.0,weak_positive,regulatory_weak_positive,regulatory_skin_dryness,regulatory_euh066,,regulatory dryness/cracking statement,,,,,,,,,repeated exposure; concentration not encoded by EUH066,,,,,,CLP Regulation Annex VI Table 3.1 (EUH066),607-026-00-7,https://ust.is/library/Skrar/Atvinnulif/Efni/Flokkun-og-merkingar/CLP-annex_vi_tafla_3-1.pdf,,,regulatory_annex,C,0.5,verified,,,,,,,7f005d7bc95910b9d27eeecf31039789d5cff65fd7412617081df1c9f7090057,1,DCKVNWZUADLDEH-UHFFFAOYSA-N,regulatory_weak_positive,unspecified|unspecified|unspecified|repeated exposure; concentration not encoded by euh066|unspecified|unspecified|regulatory dryness/cracking statement|unspecified|unspecified
clp:607-025-00-1:123-86-4,Butyl Acetate,31272.0,123-86-4,,CCCCOC(C)=O,,DKPFZGUDAPQIHT-UHFFFAOYSA-N,skin_dryness,1.0,weak_positive,regulatory_weak_positive,regulatory_skin_dryness,regulatory_euh066,,regulatory dryness/cracking statement,,,,,,,,,repeated exposure; concentration not encoded by EUH066,,,,,,CLP Regulation Annex VI Table 3.1 (EUH066),607-025-00-1,https://ust.is/library/Skrar/Atvinnulif/Efni/Flokkun-og-merkingar/CLP-annex_vi_tafla_3-1.pdf,,,regulatory_annex,C,0.5,verified,,,,,,,dbb748a68b40b365cf8b9bef0c252f4fb0b84c5aeadfbbe78d3d4da4589172be,1,DKPFZGUDAPQIHT-UHFFFAOYSA-N,regulatory_weak_positive,unspecified|unspecified|unspecified|repeated exposure; concentration not encoded by euh066|unspecified|unspecified|regulatory dryness/cracking statement|unspecified|unspecified
literature:pmid24063883:propylene-glycol,Propylene glycol,,57-55-6,,CC(O)CO,,,skin_dryness,1.0,direct_verified,direct_experimental,human_occluded_patch,tewl_increase,,TEWL,,,,,,,,,24 hours,,,,,,European Journal of Pharmaceutical Sciences,PMID:24063883,https://pubmed.ncbi.nlm.nih.gov/24063883/,,,primary_article,A,1.0,verified,,,,,,,84b69e15485c6398bcaef225c14765b313cf47343da9a5d6f170ca3324ab01c7,1,DNIAPMSPPWPWGF-UHFFFAOYSA-N,direct_experimental,unspecified|unspecified|unspecified|24 hours|unspecified|unspecified|tewl|unspecified|unspecified
clp:606-006-00-5:96-22-0,Ethyl ketone,7288.0,96-22-0,,CCC(=O)CC,,FDPIMTJIUBPUKL-UHFFFAOYSA-N,skin_dryness,1.0,weak_positive,regulatory_weak_positive,regulatory_skin_dryness,regulatory_euh066,,regulatory dryness/cracking statement,,,,,,,,,repeated exposure; concentration not encoded by EUH066,,,,,,CLP Regulation Annex VI Table 3.1 (EUH066),606-006-00-5,https://ust.is/library/Skrar/Atvinnulif/Efni/Flokkun-og-merkingar/CLP-annex_vi_tafla_3-1.pdf,,,regulatory_annex,C,0.5,verified,,,,,,,6dd512eb8003ae3118fc198236e8d5231ff3b7e14006cb9330339960617414ac,1,FDPIMTJIUBPUKL-UHFFFAOYSA-N,regulatory_weak_positive,unspecified|unspecified|unspecified|repeated exposure; concentration not encoded by euh066|unspecified|unspecified|regulatory dryness/cracking statement|unspecified|unspecified
clp:607-026-00-7:110-19-0,Isobutyl Acetate,8038.0,110-19-0,,CC(=O)OCC(C)C,,GJRQTCIYDGXPES-UHFFFAOYSA-N,skin_dryness,1.0,weak_positive,regulatory_weak_positive,regulatory_skin_dryness,regulatory_euh066,,regulatory dryness/cracking statement,,,,,,,,,repeated exposure; concentration not encoded by EUH066,,,,,,CLP Regulation Annex VI Table 3.1 (EUH066),607-026-00-7,https://ust.is/library/Skrar/Atvinnulif/Efni/Flokkun-og-merkingar/CLP-annex_vi_tafla_3-1.pdf,,,regulatory_annex,C,0.5,verified,,,,,,,407db8d66930f1494d9245001fd86c4645790710e3d144ae6cf046526b89b512,1,GJRQTCIYDGXPES-UHFFFAOYSA-N,regulatory_weak_positive,unspecified|unspecified|unspecified|repeated exposure; concentration not encoded by euh066|unspecified|unspecified|regulatory dryness/cracking statement|unspecified|unspecified
clp:607-130-00-2:626-38-0,2-Pentyl acetate,12278.0,626-38-0,,CCCC(C)OC(C)=O,,GQKZRWSUJHVIPE-UHFFFAOYSA-N,skin_dryness,1.0,weak_positive,regulatory_weak_positive,regulatory_skin_dryness,regulatory_euh066,,regulatory dryness/cracking statement,,,,,,,,,repeated exposure; concentration not encoded by EUH066,,,,,,CLP Regulation Annex VI Table 3.1 (EUH066),607-130-00-2,https://ust.is/library/Skrar/Atvinnulif/Efni/Flokkun-og-merkingar/CLP-annex_vi_tafla_3-1.pdf,,,regulatory_annex,C,0.5,verified,,,,,,,8aeb0a370643d58a6f91d3df4056a58872051fd39a70087ed46dd2550041edf9,1,GQKZRWSUJHVIPE-UHFFFAOYSA-N,regulatory_weak_positive,unspecified|unspecified|unspecified|repeated exposure; concentration not encoded by euh066|unspecified|unspecified|regulatory dryness/cracking statement|unspecified|unspecified
literature:pmid31945817:cholesterol,Cholesterol,5997.0,57-88-5,C[C@H](CCCC(C)C)[C@H]1CC[C@@H]2[C@@]1(CC[C@H]3[C@H]2CC=C4[C@@]3(CC[C@@H](C4)O)C)C,CC(C)CCC[C@@H](C)[C@H]1CC[C@H]2[C@@H]3CC=C4C[C@@H](O)CC[C@]4(C)[C@H]3CC[C@]12C,"InChI=1S/C27H46O/c1-18(2)7-6-8-19(3)23-11-12-24-22-10-9-20-17-21(28)13-15-26(20,4)25(22)14-16-27(23,24)5/h9,18-19,21-25,28H,6-8,10-17H2,1-5H3/t19-,21+,22+,23-,24+,25+,26+,27-/m1/s1",HVYWMOMLDIMFJA-DPAQBDIFSA-N,skin_dryness,0.0,direct_verified,direct_experimental,direct_experimental,no_significant_tewl_increase,,TEWL / skin barrier function,no significant TEWL influence,study-reported,study baseline,study baseline and vehicle comparison,"The article states that the other tested substances, including 2% cholesterol in ether, did not influence TEWL significantly.",dermal,2,% in ether,3-7,days,twice daily,human back skin; atopic and non-atopic subjects,human,,Journal of Dermatological Treatment,PMID:31945817,https://pubmed.ncbi.nlm.nih.gov/31945817/,10.3109/09546639209092741,1992.0,primary_article,A,1.0,verified,RalphGuard evidence mapping v2,Molecule-specific negative is limited to the stated 2% formulation and repeated-exposure context; oils and mixed emulsifiers in the same paper were not mapped as defined molecules.,2026-08-20,2026-08-20T16:18:14.828506+00:00,not_committed_pubmed_xml,22f15269a56e5bdbca04d1f49de2dcccc45d0742cd6e292382f9cca3670a2740,352320481672d31fc75c25a8b11729bbcf67438239ee1d20dd2e33287c1bfafc,0,HVYWMOMLDIMFJA-DPAQBDIFSA-N,direct_experimental,dermal|2|% in ether|3-7|days|twice daily|tewl / skin barrier function|human back skin; atopic and non-atopic subjects|human
clp:607-024-00-6:108-21-4,Isopropyl Acetate,7915.0,108-21-4,,CC(=O)OC(C)C,,JMMWKPVZQRWMSS-UHFFFAOYSA-N,skin_dryness,1.0,weak_positive,regulatory_weak_positive,regulatory_skin_dryness,regulatory_euh066,,regulatory dryness/cracking statement,,,,,,,,,repeated exposure; concentration not encoded by EUH066,,,,,,CLP Regulation Annex VI Table 3.1 (EUH066),607-024-00-6,https://ust.is/library/Skrar/Atvinnulif/Efni/Flokkun-og-merkingar/CLP-annex_vi_tafla_3-1.pdf,,,regulatory_annex,C,0.5,verified,,,,,,,9f3d11d4838b91c50bd03cde474346948e043f0576ee1676df5715e8403e8133,1,JMMWKPVZQRWMSS-UHFFFAOYSA-N,regulatory_weak_positive,unspecified|unspecified|unspecified|repeated exposure; concentration not encoded by euh066|unspecified|unspecified|regulatory dryness/cracking statement|unspecified|unspecified
literature:pmid27578266:isopropanol,Isopropanol,,67-63-0,,CC(C)O,,,skin_dryness,1.0,direct_verified,direct_experimental,repeated_human_exposure,barrier_impairment,,TEWL; capacitance; visual dryness,,,,,,,,,14 days,,,,,,International Journal of Cosmetic Science,PMID:27578266,https://pubmed.ncbi.nlm.nih.gov/27578266/,,,primary_article,A,1.0,verified,,,,,,,069dd8f29308262d7c8553da99e2e0690be8295fc48f0e3eb8ba366ed84e18b3,1,KFZMGEQAYNKOFK-UHFFFAOYSA-N,direct_experimental,unspecified|unspecified|unspecified|14 days|unspecified|unspecified|tewl; capacitance; visual dryness|unspecified|unspecified
clp:607-021-00-X:79-20-9,Methyl Acetate,6584.0,79-20-9,,COC(C)=O,,KXKVLQRXCPHEJC-UHFFFAOYSA-N,skin_dryness,1.0,weak_positive,regulatory_weak_positive,regulatory_skin_dryness,regulatory_euh066,,regulatory dryness/cracking statement,,,,,,,,,repeated exposure; concentration not encoded by EUH066,,,,,,CLP Regulation Annex VI Table 3.1 (EUH066),607-021-00-X,https://ust.is/library/Skrar/Atvinnulif/Efni/Flokkun-og-merkingar/CLP-annex_vi_tafla_3-1.pdf,,,regulatory_annex,C,0.5,verified,,,,,,,e8eaef1d2d968be17a90b7628b9f56e692b3b1cedd845b160c9e83f5e4822ca4,1,KXKVLQRXCPHEJC-UHFFFAOYSA-N,regulatory_weak_positive,unspecified|unspecified|unspecified|repeated exposure; concentration not encoded by euh066|unspecified|unspecified|regulatory dryness/cracking statement|unspecified|unspecified
literature:pmid40954169:ethanol-12pct,Ethanol,,64-17-5,,CCO,,,skin_dryness,0.0,direct_verified,direct_experimental,double_blind_human_formulation,no_significant_hydration_decrease,,TEWL; skin hydration,,,,,,,,,30 days,,,,,,Scientific Reports,PMID:40954169,https://pubmed.ncbi.nlm.nih.gov/40954169/,,,primary_article,A,1.0,verified,,,,,,,fdab270e72c06a1a5f8e45c2f639a17310d4bca34101a5d9514072ca2dc39605,0,LFQSCWFLJHTTHZ-UHFFFAOYSA-N,direct_experimental,unspecified|unspecified|unspecified|30 days|unspecified|unspecified|tewl; skin hydration|unspecified|unspecified
literature:pmid8800298:calcipotriol,Calcipotriol,5288783.0,112965-21-6,C[C@H](/C=C/[C@H](C1CC1)O)[C@H]2CC[C@@H]\3[C@@]2(CCC/C3=C\C=C/4\C[C@H](C[C@@H](C4=C)O)O)C,C=C1/C(=C\C=C2/CCC[C@]3(C)[C@@H]([C@H](C)/C=C/[C@@H](O)C4CC4)CC[C@@H]23)C[C@@H](O)C[C@@H]1O,"InChI=1S/C27H40O3/c1-17(6-13-25(29)20-8-9-20)23-11-12-24-19(5-4-14-27(23,24)3)7-10-21-15-22(28)16-26(30)18(21)2/h6-7,10,13,17,20,22-26,28-30H,2,4-5,8-9,11-12,14-16H2,1,3H3/b13-6+,19-7+,21-10-/t17-,22-,23-,24+,25-,26+,27-/m1/s1",LWQQLNNNIPYSNX-UROSTWAQSA-N,skin_dryness,0.0,direct_verified,direct_experimental,direct_experimental,no_significant_tewl_increase,,TEWL / skin barrier function,no attributable TEWL increase,study-reported,study baseline,ointment vehicle,No increase in TEWL versus vehicle and no molecular influence on the skin barrier were reported.,dermal,50; 10; 2; 0.4,microgram/g ointment,48,hours,occlusive patch; separate 1-week ROAT,human multicentre patch test and repeated open application test,human,,Acta Dermato-Venereologica,PMID:8800298,https://pubmed.ncbi.nlm.nih.gov/8800298/,10.2340/0001555576194202,1996.0,primary_article,A,1.0,verified,RalphGuard evidence mapping v2,Negative is limited to barrier/TEWL under tested doses; the article still describes mild non-corrosive irritation.,2026-08-20,2026-08-20T16:18:14.828506+00:00,not_committed_pubmed_xml,13b9fe40b94946771401efa71319a10cea4b26e196712cfe64344219a06389dd,09acb3a111f8253a8218569b2053e9b6cbcbd15c00cbeef032eeb481cbbc1953,0,LWQQLNNNIPYSNX-UROSTWAQSA-N,direct_experimental,dermal|50; 10; 2; 0.4|microgram/g ointment|48|hours|occlusive patch; separate 1-week roat|tewl / skin barrier function|human multicentre patch test and repeated open application test|human
clp:607-130-00-2:123-92-2,Isoamyl Acetate,31276.0,123-92-2,,CC(=O)OCCC(C)C,,MLFHJEHSLIIPHL-UHFFFAOYSA-N,skin_dryness,1.0,weak_positive,regulatory_weak_positive,regulatory_skin_dryness,regulatory_euh066,,regulatory dryness/cracking statement,,,,,,,,,repeated exposure; concentration not encoded by EUH066,,,,,,CLP Regulation Annex VI Table 3.1 (EUH066),607-130-00-2,https://ust.is/library/Skrar/Atvinnulif/Efni/Flokkun-og-merkingar/CLP-annex_vi_tafla_3-1.pdf,,,regulatory_annex,C,0.5,verified,,,,,,,ac2f7e5c819069993eb5be153819b8f8d15452f27691228d49b63070e0da72f8,1,MLFHJEHSLIIPHL-UHFFFAOYSA-N,regulatory_weak_positive,unspecified|unspecified|unspecified|repeated exposure; concentration not encoded by euh066|unspecified|unspecified|regulatory dryness/cracking statement|unspecified|unspecified
clp:602-085-00-5:75-26-3,2-Bromopropane,6358.0,75-26-3,,CC(C)Br,,NAMYKGVDVNBCFQ-UHFFFAOYSA-N,skin_dryness,1.0,weak_positive,regulatory_weak_positive,regulatory_skin_dryness,regulatory_euh066,,regulatory dryness/cracking statement,,,,,,,,,repeated exposure; concentration not encoded by EUH066,,,,,,CLP Regulation Annex VI Table 3.1 (EUH066),602-085-00-5,https://ust.is/library/Skrar/Atvinnulif/Efni/Flokkun-og-merkingar/CLP-annex_vi_tafla_3-1.pdf,,,regulatory_annex,C,0.5,verified,,,,,,,b77bcc9eadf21d8e462838b12db333b98528d6612144553862a619c381ddda54,1,NAMYKGVDVNBCFQ-UHFFFAOYSA-N,regulatory_weak_positive,unspecified|unspecified|unspecified|repeated exposure; concentration not encoded by euh066|unspecified|unspecified|regulatory dryness/cracking statement|unspecified|unspecified
clp:606-004-00-4:108-10-1,Methyl Isobutyl Ketone,7909.0,108-10-1,,CC(=O)CC(C)C,,NTIZESTWPVYFNL-UHFFFAOYSA-N,skin_dryness,1.0,weak_positive,regulatory_weak_positive,regulatory_skin_dryness,regulatory_euh066,,regulatory dryness/cracking statement,,,,,,,,,repeated exposure; concentration not encoded by EUH066,,,,,,CLP Regulation Annex VI Table 3.1 (EUH066),606-004-00-4,https://ust.is/library/Skrar/Atvinnulif/Efni/Flokkun-og-merkingar/CLP-annex_vi_tafla_3-1.pdf,,,regulatory_annex,C,0.5,verified,,,,,,,3fa1cef178e025b215dcd8d5f5afeb567fd57879501b1ec008c0ba972a22a041,1,NTIZESTWPVYFNL-UHFFFAOYSA-N,regulatory_weak_positive,unspecified|unspecified|unspecified|repeated exposure; concentration not encoded by euh066|unspecified|unspecified|regulatory dryness/cracking statement|unspecified|unspecified
clp:601-006-00-1:109-66-0,Pentane,8003.0,109-66-0,,CCCCC,,OFBQJSOFQDEBGM-UHFFFAOYSA-N,skin_dryness,1.0,weak_positive,regulatory_weak_positive,regulatory_skin_dryness,regulatory_euh066,,regulatory dryness/cracking statement,,,,,,,,,repeated exposure; concentration not encoded by EUH066,,,,,,CLP Regulation Annex VI Table 3.1 (EUH066),601-006-00-1,https://ust.is/library/Skrar/Atvinnulif/Efni/Flokkun-og-merkingar/CLP-annex_vi_tafla_3-1.pdf,,,regulatory_annex,C,0.5,verified,,,,,,,da2a950345dce5119d6df6565f9a85046dd9ea357815789e5b167b646201527e,1,OFBQJSOFQDEBGM-UHFFFAOYSA-N,regulatory_weak_positive,unspecified|unspecified|unspecified|repeated exposure; concentration not encoded by euh066|unspecified|unspecified|regulatory dryness/cracking statement|unspecified|unspecified
literature:pmid18498456:glycerol,Glycerol,753.0,56-81-5,OCC(O)CO,OCC(O)CO,"InChI=1S/C3H8O3/c4-1-3(6)2-5/h3-6H,1-2H2",PEDCQBHIVMGVHV-UHFFFAOYSA-N,skin_dryness,0.0,direct_verified,direct_experimental,direct_experimental,no_significant_tewl_increase,,TEWL / skin barrier function,no attributable TEWL increase,study-reported,study baseline,matched placebo cream,Glycerol increased corneometer hydration but showed no influence on TEWL versus the placebo cream.,dermal,20,% in cream,10,days,study treatment schedule,bilateral double-blind vehicle-controlled study (n=17),human,,International Journal of Cosmetic Science,PMID:18498456,https://pubmed.ncbi.nlm.nih.gov/18498456/,10.1046/j.1467-2494.2001.00060.x,2001.0,primary_article,A,1.0,verified,RalphGuard evidence mapping v2,Direct vehicle-controlled human evidence at 20%; this does not claim safety for every concentration or formulation.,2026-08-20,2026-08-20T16:18:14.828506+00:00,not_committed_pubmed_xml,ffa780d21dab3445470df036853c5b0e65c3f51cd257743e9e996c85a5169e83,60785253037b7cb577b1e029c9835535381c40a0a91984be5fc3b2a683c15146,0,PEDCQBHIVMGVHV-UHFFFAOYSA-N,direct_experimental,dermal|20|% in cream|10|days|study treatment schedule|tewl / skin barrier function|bilateral double-blind vehicle-controlled study (n=17)|human
clp:607-130-00-2:628-63-7,Amyl Acetate,12348.0,628-63-7,,CCCCCOC(C)=O,,PGMYKACGEOXYJE-UHFFFAOYSA-N,skin_dryness,1.0,weak_positive,regulatory_weak_positive,regulatory_skin_dryness,regulatory_euh066,,regulatory dryness/cracking statement,,,,,,,,,repeated exposure; concentration not encoded by EUH066,,,,,,CLP Regulation Annex VI Table 3.1 (EUH066),607-130-00-2,https://ust.is/library/Skrar/Atvinnulif/Efni/Flokkun-og-merkingar/CLP-annex_vi_tafla_3-1.pdf,,,regulatory_annex,C,0.5,verified,,,,,,,568a9270bd33b03507cd7074f8199c82567a57582911855f07df2358d9983d03,1,PGMYKACGEOXYJE-UHFFFAOYSA-N,regulatory_weak_positive,unspecified|unspecified|unspecified|repeated exposure; concentration not encoded by euh066|unspecified|unspecified|regulatory dryness/cracking statement|unspecified|unspecified
clp:603-045-00-X:111-43-3,Propyl ether,8114.0,111-43-3,,CCCOCCC,,POLCUAVZOMRGSN-UHFFFAOYSA-N,skin_dryness,1.0,weak_positive,regulatory_weak_positive,regulatory_skin_dryness,regulatory_euh066,,regulatory dryness/cracking statement,,,,,,,,,repeated exposure; concentration not encoded by EUH066,,,,,,CLP Regulation Annex VI Table 3.1 (EUH066),603-045-00-X,https://ust.is/library/Skrar/Atvinnulif/Efni/Flokkun-og-merkingar/CLP-annex_vi_tafla_3-1.pdf,,,regulatory_annex,C,0.5,verified,,,,,,,b759b6c36b5b994e1a500b8e21338b1991ee193a017dcc67745033d3d78dfc4f,1,POLCUAVZOMRGSN-UHFFFAOYSA-N,regulatory_weak_positive,unspecified|unspecified|unspecified|repeated exposure; concentration not encoded by euh066|unspecified|unspecified|regulatory dryness/cracking statement|unspecified|unspecified
clp:601-085-00-2:78-78-4,Isopentane,6556.0,78-78-4,,CCC(C)C,,QWTDNUCVQCZILF-UHFFFAOYSA-N,skin_dryness,1.0,weak_positive,regulatory_weak_positive,regulatory_skin_dryness,regulatory_euh066,,regulatory dryness/cracking statement,,,,,,,,,repeated exposure; concentration not encoded by EUH066,,,,,,CLP Regulation Annex VI Table 3.1 (EUH066),601-085-00-2,https://ust.is/library/Skrar/Atvinnulif/Efni/Flokkun-og-merkingar/CLP-annex_vi_tafla_3-1.pdf,,,regulatory_annex,C,0.5,verified,,,,,,,4af15c2da019fcd4df6eaf95f0b945f0da0bd7b7f21b303c84a1ac01b3279195,1,QWTDNUCVQCZILF-UHFFFAOYSA-N,regulatory_weak_positive,unspecified|unspecified|unspecified|repeated exposure; concentration not encoded by euh066|unspecified|unspecified|regulatory dryness/cracking statement|unspecified|unspecified
clp:603-022-00-4:60-29-7,Diethyl Ether,3283.0,60-29-7,,CCOCC,,RTZKZFJDLAIYFH-UHFFFAOYSA-N,skin_dryness,1.0,weak_positive,regulatory_weak_positive,regulatory_skin_dryness,regulatory_euh066,,regulatory dryness/cracking statement,,,,,,,,,repeated exposure; concentration not encoded by EUH066,,,,,,CLP Regulation Annex VI Table 3.1 (EUH066),603-022-00-4,https://ust.is/library/Skrar/Atvinnulif/Efni/Flokkun-og-merkingar/CLP-annex_vi_tafla_3-1.pdf,,,regulatory_annex,C,0.5,verified,,,,,,,52abd20c6587ca4c46641b586b0d252a7aa88a3622922d77ab2d4d657e0b982f,1,RTZKZFJDLAIYFH-UHFFFAOYSA-N,regulatory_weak_positive,unspecified|unspecified|unspecified|repeated exposure; concentration not encoded by euh066|unspecified|unspecified|regulatory dryness/cracking statement|unspecified|unspecified
clp:603-024-00-5:123-91-1,"1,4-Dioxane",31275.0,123-91-1,,C1COCCO1,,RYHBNJHYFVUHQT-UHFFFAOYSA-N,skin_dryness,1.0,weak_positive,regulatory_weak_positive,regulatory_skin_dryness,regulatory_euh066,,regulatory dryness/cracking statement,,,,,,,,,repeated exposure; concentration not encoded by EUH066,,,,,,CLP Regulation Annex VI Table 3.1 (EUH066),603-024-00-5,https://ust.is/library/Skrar/Atvinnulif/Efni/Flokkun-og-merkingar/CLP-annex_vi_tafla_3-1.pdf,,,regulatory_annex,C,0.5,verified,,,,,,,bd16394ddb82e6f63e784685ed5ef93d02fb2523ed55c1eb13649a40ebd7122a,1,RYHBNJHYFVUHQT-UHFFFAOYSA-N,regulatory_weak_positive,unspecified|unspecified|unspecified|repeated exposure; concentration not encoded by euh066|unspecified|unspecified|regulatory dryness/cracking statement|unspecified|unspecified
literature:pmid29577586:dl-panthenol,DL-Panthenol,4678.0,16485-10-2,CC(C)(CO)C(C(=O)NCCCO)O,CC(C)(CO)C(O)C(=O)NCCCO,"InChI=1S/C9H19NO4/c1-9(2,6-12)7(13)8(14)10-4-3-5-11/h7,11-13H,3-6H2,1-2H3,(H,10,14)",SNPLKNRPJHDVJA-UHFFFAOYSA-N,skin_dryness,0.0,direct_verified,formulation_attributed_experimental,controlled_formulation_attribution,no_skin_barrier_impairment,,TEWL / skin barrier function,TEWL decreased,study-reported,study baseline,matched formulations without panthenol,Panthenol-containing formulations increased hydration and decreased TEWL compared with formulations without panthenol.,dermal,5-13,wt% in semisolid formulations,48,hours,study application schedule,vehicle-comparative in-vivo study in 40 women,human,,Journal of Cosmetic Dermatology,PMID:29577586,https://pubmed.ncbi.nlm.nih.gov/29577586/,10.1111/jocd.12527,2019.0,primary_article,B,0.9,verified,RalphGuard evidence mapping v2,"The molecule is attributable through a with/without-panthenol comparison, but remains Tier B because the tested matrix was a formulation.",2026-08-20,2026-08-20T16:18:14.828506+00:00,not_committed_pubmed_xml,28722d519b3490636267d1076889f51e9214620928da09747780431bbaf94b4e,efbdf8d1e1dcb8237c8adf33153c069610b48aa9f7a9c216bd2658753b398d9f,0,SNPLKNRPJHDVJA-UHFFFAOYSA-N,formulation_attributed_experimental,dermal|5-13|wt% in semisolid formulations|48|hours|study application schedule|tewl / skin barrier function|vehicle-comparative in-vivo study in 40 women|human
clp:602-014-00-8:79-00-5,"1,1,2-Trichloroethane",6574.0,79-00-5,,ClCC(Cl)Cl,,UBOXGVDOUJQMTN-UHFFFAOYSA-N,skin_dryness,1.0,weak_positive,regulatory_weak_positive,regulatory_skin_dryness,regulatory_euh066,,regulatory dryness/cracking statement,,,,,,,,,repeated exposure; concentration not encoded by EUH066,,,,,,CLP Regulation Annex VI Table 3.1 (EUH066),602-014-00-8,https://ust.is/library/Skrar/Atvinnulif/Efni/Flokkun-og-merkingar/CLP-annex_vi_tafla_3-1.pdf,,,regulatory_annex,C,0.5,verified,,,,,,,6c661a205fec33d4b108e7dc6a4addea35b880f3fa6b59be66eef1305dcc5d78,1,UBOXGVDOUJQMTN-UHFFFAOYSA-N,regulatory_weak_positive,unspecified|unspecified|unspecified|repeated exposure; concentration not encoded by euh066|unspecified|unspecified|regulatory dryness/cracking statement|unspecified|unspecified
literature:pmid31945817:glyceryl-monostearate,Glyceryl monostearate,24699.0,123-94-4,CCCCCCCCCCCCCCCCCC(=O)OCC(CO)O,CCCCCCCCCCCCCCCCCC(=O)OCC(O)CO,"InChI=1S/C21H42O4/c1-2-3-4-5-6-7-8-9-10-11-12-13-14-15-16-17-21(24)25-19-20(23)18-22/h20,22-23H,2-19H2,1H3",VBICKXHEKHSIBG-UHFFFAOYSA-N,skin_dryness,0.0,direct_verified,direct_experimental,direct_experimental,no_significant_tewl_increase,,TEWL / skin barrier function,no significant TEWL influence,study-reported,study baseline,study baseline and vehicle comparison,The article reports no significant TEWL influence for the tested 2% glycerol monostearate preparation.,dermal,2,% in ether,3-7,days,twice daily,human back skin; atopic and non-atopic subjects,human,,Journal of Dermatological Treatment,PMID:31945817,https://pubmed.ncbi.nlm.nih.gov/31945817/,10.3109/09546639209092741,1992.0,primary_article,A,1.0,verified,RalphGuard evidence mapping v2,Mapped to the defined 1-monostearin structure; commercial glyceryl-stearate mixtures are outside this molecule-specific label.,2026-08-20,2026-08-20T16:18:14.828506+00:00,not_committed_pubmed_xml,22f15269a56e5bdbca04d1f49de2dcccc45d0742cd6e292382f9cca3670a2740,ac7420a35a6b60d69d570f62ed18bb3f0e3860fb6f0140701606b682f0d40469,0,VBICKXHEKHSIBG-UHFFFAOYSA-N,direct_experimental,dermal|2|% in ether|3-7|days|twice daily|tewl / skin barrier function|human back skin; atopic and non-atopic subjects|human
literature:pmid8409532:hexane,Hexane,,110-54-3,,CCCCCC,,,skin_dryness,0.0,direct_verified,direct_experimental,in_vitro_human_skin,no_significant_tewl_increase,,TEWL,,,,,,,,,1-12 minutes,,,,,,Journal of Investigative Dermatology,PMID:8409532,https://pubmed.ncbi.nlm.nih.gov/8409532/,,,primary_article,A,1.0,verified,,,,,,,056a80b3fa84c2466d98fd4fd37f5030d585353dee42b77eac4b987507d0a45b,0,VLKZOEOYAKHREP-UHFFFAOYSA-N,direct_experimental,unspecified|unspecified|unspecified|1-12 minutes|unspecified|unspecified|tewl|unspecified|unspecified
clp:607-026-00-7:540-88-5,tert-Butyl acetate,10908.0,540-88-5,,CC(=O)OC(C)(C)C,,WMOVHXAZOJBABW-UHFFFAOYSA-N,skin_dryness,1.0,weak_positive,regulatory_weak_positive,regulatory_skin_dryness,regulatory_euh066,,regulatory dryness/cracking statement,,,,,,,,,repeated exposure; concentration not encoded by EUH066,,,,,,CLP Regulation Annex VI Table 3.1 (EUH066),607-026-00-7,https://ust.is/library/Skrar/Atvinnulif/Efni/Flokkun-og-merkingar/CLP-annex_vi_tafla_3-1.pdf,,,regulatory_annex,C,0.5,verified,,,,,,,e438369ce7db84a32425c5c4cf1a57a7c5a6c89bfbab4f8880c64181c056b9a3,1,WMOVHXAZOJBABW-UHFFFAOYSA-N,regulatory_weak_positive,unspecified|unspecified|unspecified|repeated exposure; concentration not encoded by euh066|unspecified|unspecified|regulatory dryness/cracking statement|unspecified|unspecified
clp:607-022-00-5:141-78-6,Ethyl Acetate,8857.0,141-78-6,,CCOC(C)=O,,XEKOWRVHYACXOJ-UHFFFAOYSA-N,skin_dryness,1.0,weak_positive,regulatory_weak_positive,regulatory_skin_dryness,regulatory_euh066,,regulatory dryness/cracking statement,,,,,,,,,repeated exposure; concentration not encoded by EUH066,,,,,,CLP Regulation Annex VI Table 3.1 (EUH066),607-022-00-5,https://ust.is/library/Skrar/Atvinnulif/Efni/Flokkun-og-merkingar/CLP-annex_vi_tafla_3-1.pdf,,,regulatory_annex,C,0.5,verified,,,,,,,9f0f6483b9b74fb8e88dd41e365eeda92bccf514916fb34fe303cee858776268,1,XEKOWRVHYACXOJ-UHFFFAOYSA-N,regulatory_weak_positive,unspecified|unspecified|unspecified|repeated exposure; concentration not encoded by euh066|unspecified|unspecified|regulatory dryness/cracking statement|unspecified|unspecified
clp:607-130-00-2:624-41-9,2-Methylbutyl Acetate,12209.0,624-41-9,,CCC(C)COC(C)=O,,XHIUFYZDQBSEMF-UHFFFAOYSA-N,skin_dryness,1.0,weak_positive,regulatory_weak_positive,regulatory_skin_dryness,regulatory_euh066,,regulatory dryness/cracking statement,,,,,,,,,repeated exposure; concentration not encoded by EUH066,,,,,,CLP Regulation Annex VI Table 3.1 (EUH066),607-130-00-2,https://ust.is/library/Skrar/Atvinnulif/Efni/Flokkun-og-merkingar/CLP-annex_vi_tafla_3-1.pdf,,,regulatory_annex,C,0.5,verified,,,,,,,f181435ab9d1592e15c65ff47932b539907df153fc5c22cf22c3daadaad1cd07,1,XHIUFYZDQBSEMF-UHFFFAOYSA-N,regulatory_weak_positive,unspecified|unspecified|unspecified|repeated exposure; concentration not encoded by euh066|unspecified|unspecified|regulatory dryness/cracking statement|unspecified|unspecified
literature:pmid24063883:transcutol,Diethylene glycol monoethyl ether,,111-90-0,,CCOCCOCCO,,,skin_dryness,0.0,direct_verified,direct_experimental,human_occluded_patch,no_significant_tewl_increase,,TEWL,,,,,,,,,24 hours,,,,,,European Journal of Pharmaceutical Sciences,PMID:24063883,https://pubmed.ncbi.nlm.nih.gov/24063883/,,,primary_article,A,1.0,verified,,,,,,,bad73704aba90cc004840931b182ff1942944af28c2a24197a729173ebe97b97,0,XXJWXESWEXIICW-UHFFFAOYSA-N,direct_experimental,unspecified|unspecified|unspecified|24 hours|unspecified|unspecified|tewl|unspecified|unspecified
clp:607-024-00-6:109-60-4,Propyl Acetate,7997.0,109-60-4,,CCCOC(C)=O,,YKYONYBAUNKHLG-UHFFFAOYSA-N,skin_dryness,1.0,weak_positive,regulatory_weak_positive,regulatory_skin_dryness,regulatory_euh066,,regulatory dryness/cracking statement,,,,,,,,,repeated exposure; concentration not encoded by EUH066,,,,,,CLP Regulation Annex VI Table 3.1 (EUH066),607-024-00-6,https://ust.is/library/Skrar/Atvinnulif/Efni/Flokkun-og-merkingar/CLP-annex_vi_tafla_3-1.pdf,,,regulatory_annex,C,0.5,verified,,,,,,,c6a9ce8c6cb031675857fc57bc89b83d36bc02975398a7c0d87bbc9244dc96e2,1,YKYONYBAUNKHLG-UHFFFAOYSA-N,regulatory_weak_positive,unspecified|unspecified|unspecified|repeated exposure; concentration not encoded by euh066|unspecified|unspecified|regulatory dryness/cracking statement|unspecified|unspecified
literature:pmid37699769:1-3-propanediol,"1,3-Propanediol",10442.0,504-63-2,OCCCO,OCCCO,"InChI=1S/C3H8O2/c4-2-1-3-5/h4-5H,1-3H2",YPFDHNVEDLHUCE-UHFFFAOYSA-N,skin_dryness,0.0,direct_verified,direct_experimental,direct_experimental,no_skin_barrier_impairment,,TEWL / skin barrier function,TEWL reduced and hydration increased,study-reported,study baseline,pre-application baseline and study comparators,"1,3-Propanediol applied alone at all tested concentrations increased hydration and improved barrier function; 15% produced the largest TEWL reduction.",dermal,5; 10; 15,%,15 minutes; 2; 8,hours after application,single application,in-vivo forearm study in 30 healthy women,human,,International Journal of Cosmetic Science,PMID:37699769,https://pubmed.ncbi.nlm.nih.gov/37699769/,10.1111/ics.12911,2024.0,primary_article,A,1.0,verified,RalphGuard evidence mapping v2,Only the molecule-alone study arms are mapped; combination arms are not converted into additional labels.,2026-08-20,2026-08-20T16:18:14.828506+00:00,not_committed_pubmed_xml,7d376f177f6279a86d8431b47c72197486f40159c5751cc8df3c6db9b5c749a3,5b5719b67918601b37f8f34909fed42af2484dec155785bfb6f0da667a35b7ee,0,YPFDHNVEDLHUCE-UHFFFAOYSA-N,direct_experimental,dermal|5; 10; 15|%|15 minutes; 2; 8|hours after application|single application|tewl / skin barrier function|in-vivo forearm study in 30 healthy women|human
clp:603-045-00-X:108-20-3,Diisopropyl Ether,7914.0,108-20-3,,CC(C)OC(C)C,,ZAFNJMIOTHYJRJ-UHFFFAOYSA-N,skin_dryness,1.0,weak_positive,regulatory_weak_positive,regulatory_skin_dryness,regulatory_euh066,,regulatory dryness/cracking statement,,,,,,,,,repeated exposure; concentration not encoded by EUH066,,,,,,CLP Regulation Annex VI Table 3.1 (EUH066),603-045-00-X,https://ust.is/library/Skrar/Atvinnulif/Efni/Flokkun-og-merkingar/CLP-annex_vi_tafla_3-1.pdf,,,regulatory_annex,C,0.5,verified,,,,,,,b2f998ceeed2f2dcddedbd7d70e117d7e9dc085137b6081583c72087b49982c6,1,ZAFNJMIOTHYJRJ-UHFFFAOYSA-N,regulatory_weak_positive,unspecified|unspecified|unspecified|repeated exposure; concentration not encoded by euh066|unspecified|unspecified|regulatory dryness/cracking statement|unspecified|unspecified
clp:606-002-00-3:78-93-3,Methyl Ethyl Ketone,6569.0,78-93-3,,CCC(C)=O,,ZWEHNKRNPOVVGH-UHFFFAOYSA-N,skin_dryness,1.0,weak_positive,regulatory_weak_positive,regulatory_skin_dryness,regulatory_euh066,,regulatory dryness/cracking statement,,,,,,,,,repeated exposure; concentration not encoded by EUH066,,,,,,CLP Regulation Annex VI Table 3.1 (EUH066),606-002-00-3,https://ust.is/library/Skrar/Atvinnulif/Efni/Flokkun-og-merkingar/CLP-annex_vi_tafla_3-1.pdf,,,regulatory_annex,C,0.5,verified,,,,,,,44cde763bdeb36da8091eb3871aa95ea15e2c92632f209c502f376b6dddd7f39,1,ZWEHNKRNPOVVGH-UHFFFAOYSA-N,regulatory_weak_positive,unspecified|unspecified|unspecified|repeated exposure; concentration not encoded by euh066|unspecified|unspecified|regulatory dryness/cracking statement|unspecified|unspecified
