record_id,compound_name,pubchem_cid,cas_number,raw_smiles,canonical_smiles,smiles,inchi,inchikey,endpoint,candidate_label,label,label_status,label_quality,evidence_type,evidence_subtype,hazard_codes,measurement_type,measurement_value,measurement_unit,baseline_value,control_value,statistical_significance,exposure_route,exposure_concentration,concentration_unit,exposure_duration,duration_unit,exposure_frequency,test_system,species,model_name,source_name,source_id,source_url,doi,publication_year,source_quality,evidence_tier,sample_weight,review_status,reviewer,reviewer_note,reviewed_at,retrieved_at,raw_file,raw_sha256,evidence_fingerprint,raw_evidence,qsar_eligible
literature:pmid4028973:dimethyl-sulfoxide,Dimethyl sulfoxide,679,67-68-5,CS(C)=O,CS(C)=O,CS(C)=O,InChI=1S/C2H6OS/c1-4(2)3/h1-2H3,IAZDPXIOMUYVGZ-UHFFFAOYSA-N,skin_dryness,1,1,direct_verified,direct_experimental,direct_experimental,water_vapour_loss_increase,,TEWL / skin barrier function,marked increase,study-reported,study baseline,distilled-water vehicle,Marked influence/increase in water vapour loss was reported.,dermal,50,% aqueous,48,hours,single occluded exposure,human Finn chamber panel (n=42),human,,Derm Beruf Umwelt,PMID:4028973,https://pubmed.ncbi.nlm.nih.gov/4028973/,,1985,primary_article,A,1.0,verified,RalphGuard evidence mapping v2,Reserved source-level external positive; never used for model development.,2026-08-20,2026-08-20T16:18:14.828506+00:00,not_committed_pubmed_xml,45b32becd40f9045e810833c0c6d5ffdd877ed56da11bc034d8077164d3aa8ac,20e348cace94a6568576c5b69fa9d12a74e54ebff9c63f7d8c81b8e476cdf59f,Marked influence/increase in water vapour loss was reported.,True
literature:pmid4028973:phenol,Phenol,996,108-95-2,Oc1ccccc1,Oc1ccccc1,Oc1ccccc1,"InChI=1S/C6H6O/c7-6-4-2-1-3-5-6/h1-5,7H",ISWSIDIOOBJBQZ-UHFFFAOYSA-N,skin_dryness,0,0,direct_verified,direct_experimental,direct_experimental,no_significant_tewl_increase,,TEWL / skin barrier function,no significant effect,study-reported,study baseline,distilled-water vehicle,No significant influence on water loss through skin was reported.,dermal,5,% aqueous,48,hours,single occluded exposure,human Finn chamber panel (n=42),human,,Derm Beruf Umwelt,PMID:4028973,https://pubmed.ncbi.nlm.nih.gov/4028973/,,1985,primary_article,A,1.0,verified,RalphGuard evidence mapping v2,Reserved source-level external negative; deeper-cell toxicity is outside this endpoint label.,2026-08-20,2026-08-20T16:18:14.828506+00:00,not_committed_pubmed_xml,45b32becd40f9045e810833c0c6d5ffdd877ed56da11bc034d8077164d3aa8ac,e851dc65d02200d125fc1692256f1dd02c9a76dd272fb76c278bb35c89809c3d,No significant influence on water loss through skin was reported.,True
literature:pmid37950377:oleic-acid,Oleic acid,445639,112-80-1,CCCCCCCC/C=C\CCCCCCCC(=O)O,CCCCCCCC/C=C\CCCCCCCC(=O)O,CCCCCCCC/C=C\CCCCCCCC(=O)O,"InChI=1S/C18H34O2/c1-2-3-4-5-6-7-8-9-10-11-12-13-14-15-16-17-18(19)20/h9-10H,2-8,11-17H2,1H3,(H,19,20)/b10-9-",ZQPPMHVWECSIRJ-KTKRTIGZSA-N,skin_dryness,1,1,direct_verified,direct_experimental,direct_experimental,tewl_and_impedance_barrier_impairment,,TEWL / skin barrier function,adverse barrier change,study-reported,study baseline,matched vehicle without enhancer,Adverse effects on TEWL and electrical impedance were reported.,dermal,0.75,%,24,hours,single and 4 doses every 12 h,ex vivo human skin,human,,Molecular Pharmaceutics,PMID:37950377,https://pubmed.ncbi.nlm.nih.gov/37950377/,10.1021/acs.molpharmaceut.3c00648,2023,primary_article,A,1.0,verified,RalphGuard evidence mapping v2,Reserved source-level external positive; never used for model development.,2026-08-20,2026-08-20T16:18:14.828506+00:00,not_committed_pubmed_xml,bc36ce8ee5c2f7695e2340b8f0323c6412e02cb1b8ae6d666eebad4a1c7826fe,0af4444579b829063f92db8bcd2ad7d8bba38855d891fd281744ba853f69aa9a,Adverse effects on TEWL and electrical impedance were reported.,True
literature:pmid37950377:oleyl-alcohol,Oleyl alcohol,5284499,143-28-2,CCCCCCCC/C=C\CCCCCCCCO,CCCCCCCC/C=C\CCCCCCCCO,CCCCCCCC/C=C\CCCCCCCCO,"InChI=1S/C18H36O/c1-2-3-4-5-6-7-8-9-10-11-12-13-14-15-16-17-18-19/h9-10,19H,2-8,11-18H2,1H3/b10-9-",ALSTYHKOOCGGFT-KTKRTIGZSA-N,skin_dryness,0,0,direct_verified,direct_experimental,direct_experimental,no_skin_barrier_impairment,,TEWL / skin barrier function,no adverse barrier change,study-reported,study baseline,matched vehicle without enhancer,"Unlike oleic acid, no adverse effect on the two barrier-integrity indicators was reported.",dermal,0.75,%,24,hours,single and 4 doses every 12 h,ex vivo human skin,human,,Molecular Pharmaceutics,PMID:37950377,https://pubmed.ncbi.nlm.nih.gov/37950377/,10.1021/acs.molpharmaceut.3c00648,2023,primary_article,A,1.0,verified,RalphGuard evidence mapping v2,Reserved source-level external negative; never used for model development.,2026-08-20,2026-08-20T16:18:14.828506+00:00,not_committed_pubmed_xml,bc36ce8ee5c2f7695e2340b8f0323c6412e02cb1b8ae6d666eebad4a1c7826fe,5c9bf9bc842e46ad04457b74764a9ab883070e33d68d59a8d6d00a6a0c0d5dfd,"Unlike oleic acid, no adverse effect on the two barrier-integrity indicators was reported.",True
literature:pmid8565486:nonanoic-acid,Nonanoic acid,8158,112-05-0,CCCCCCCCC(=O)O,CCCCCCCCC(=O)O,CCCCCCCCC(=O)O,"InChI=1S/C9H18O2/c1-2-3-4-5-6-7-8-9(10)11/h2-8H2,1H3,(H,10,11)",FBUKVWPVBMHYJY-UHFFFAOYSA-N,skin_dryness,1,1,direct_verified,direct_experimental,direct_experimental,tewl_increase,,TEWL / skin barrier function,concentration-related increase,study-reported,study baseline,uninvolved skin,TEWL rose with increasing concentration.,dermal,increasing study concentrations,%,study patch exposure,,single exposure,human volunteer irritation panel (n=8),human,,Contact Dermatitis,PMID:8565486,https://pubmed.ncbi.nlm.nih.gov/8565486/,10.1111/j.1600-0536.1995.tb02045.x,1995,primary_article,A,1.0,verified,RalphGuard evidence mapping v2,Reserved source-level external positive; concentration-specific raw data remain publication-defined.,2026-08-20,2026-08-20T16:18:14.828506+00:00,not_committed_pubmed_xml,37f4add4d59cfb8928e6fbc4036013386766d9904ab23241e3838e7374234d68,eae6fbb118d37cdaff735f263436270c44b46244ac3b5b57fa6c5f85f3d34d4f,TEWL rose with increasing concentration.,True
literature:pmid8565486:imipramine,Imipramine,3696,50-49-7,CN(C)CCCN1C2=CC=CC=C2CCC3=CC=CC=C31,CN(C)CCCN1c2ccccc2CCc2ccccc21,CN(C)CCCN1c2ccccc2CCc2ccccc21,"InChI=1S/C19H24N2/c1-20(2)14-7-15-21-18-10-5-3-8-16(18)12-13-17-9-4-6-11-19(17)21/h3-6,8-11H,7,12-15H2,1-2H3",BCGWQEUPMDMJNV-UHFFFAOYSA-N,skin_dryness,0,0,direct_verified,direct_experimental,direct_experimental,no_significant_tewl_increase,,TEWL / skin barrier function,no significant increase,study-reported,study baseline,uninvolved skin,"No significant TEWL increase was found at 2.5%, despite a clinical irritation score.",dermal,2.5,%,study patch exposure,,single exposure,human volunteer irritation panel (n=8),human,,Contact Dermatitis,PMID:8565486,https://pubmed.ncbi.nlm.nih.gov/8565486/,10.1111/j.1600-0536.1995.tb02045.x,1995,primary_article,A,1.0,verified,RalphGuard evidence mapping v2,Barrier-specific external negative; not a general skin-irritation negative.,2026-08-20,2026-08-20T16:18:14.828506+00:00,not_committed_pubmed_xml,37f4add4d59cfb8928e6fbc4036013386766d9904ab23241e3838e7374234d68,d7776a9fd7a44a72f86b20147a62e5d832beb64f03025a9e946e10c017157d32,"No significant TEWL increase was found at 2.5%, despite a clinical irritation score.",True
literature:pmid15941007:nonane,Nonane,8141,111-84-2,CCCCCCCCC,CCCCCCCCC,CCCCCCCCC,"InChI=1S/C9H20/c1-3-5-7-9-8-6-4-2/h3-9H2,1-2H3",BKIMMITUMNQMOS-UHFFFAOYSA-N,skin_dryness,1,1,direct_verified,direct_experimental,direct_experimental,repeated_exposure_tewl_and_irritation,,TEWL / skin barrier function,compound-specific cumulative irritation,study-reported,study baseline,untreated control,TEWL/erythema response and cumulative irritation were reported after repeat exposure.,dermal,15,microlitre per application,8 h/day for 4,days,every 2 hours,unoccluded dermal exposure in CD hairless rats,rat,,Toxicology and Industrial Health,PMID:15941007,https://pubmed.ncbi.nlm.nih.gov/15941007/,10.1191/0748233704th197oa,2004,primary_article,A,1.0,verified,RalphGuard evidence mapping v2,"Reserved source-level external positive; animal-to-human shift is reported, not hidden.",2026-08-20,2026-08-20T16:18:14.828506+00:00,not_committed_pubmed_xml,cf876374122d1c8bc66f8c1b2456e31ea09d093d2c917f7247a98f4b75a8c03e,7ddd1647e4ec36aa37ec4f28d00631332fc79695fc85d5480007de391a0ca086,TEWL/erythema response and cumulative irritation were reported after repeat exposure.,True
literature:pmid15941007:dodecane,Dodecane,8182,112-40-3,CCCCCCCCCCCC,CCCCCCCCCCCC,CCCCCCCCCCCC,"InChI=1S/C12H26/c1-3-5-7-9-11-12-10-8-6-4-2/h3-12H2,1-2H3",SNRUBQQJIBEYMU-UHFFFAOYSA-N,skin_dryness,1,1,direct_verified,direct_experimental,direct_experimental,repeated_exposure_tewl_and_irritation,,TEWL / skin barrier function,compound-specific cumulative irritation,study-reported,study baseline,untreated control,TEWL/erythema response and cumulative irritation were reported after repeat exposure.,dermal,15,microlitre per application,8 h/day for 4,days,every 2 hours,unoccluded dermal exposure in CD hairless rats,rat,,Toxicology and Industrial Health,PMID:15941007,https://pubmed.ncbi.nlm.nih.gov/15941007/,10.1191/0748233704th197oa,2004,primary_article,A,1.0,verified,RalphGuard evidence mapping v2,"Reserved source-level external positive; animal-to-human shift is reported, not hidden.",2026-08-20,2026-08-20T16:18:14.828506+00:00,not_committed_pubmed_xml,cf876374122d1c8bc66f8c1b2456e31ea09d093d2c917f7247a98f4b75a8c03e,253a80b20a53624bdb14153ff0f0b9bfb736b829cab3dcf5c152cda29688750c,TEWL/erythema response and cumulative irritation were reported after repeat exposure.,True
literature:pmid15941007:tetradecane,Tetradecane,12389,629-59-4,CCCCCCCCCCCCCC,CCCCCCCCCCCCCC,CCCCCCCCCCCCCC,"InChI=1S/C14H30/c1-3-5-7-9-11-13-14-12-10-8-6-4-2/h3-14H2,1-2H3",BGHCVCJVXZWKCC-UHFFFAOYSA-N,skin_dryness,1,1,direct_verified,direct_experimental,direct_experimental,repeated_exposure_tewl_and_irritation,,TEWL / skin barrier function,compound-specific cumulative irritation,study-reported,study baseline,untreated control,TEWL/erythema response and cumulative irritation were reported after repeat exposure.,dermal,15,microlitre per application,8 h/day for 4,days,every 2 hours,unoccluded dermal exposure in CD hairless rats,rat,,Toxicology and Industrial Health,PMID:15941007,https://pubmed.ncbi.nlm.nih.gov/15941007/,10.1191/0748233704th197oa,2004,primary_article,A,1.0,verified,RalphGuard evidence mapping v2,"Reserved source-level external positive; animal-to-human shift is reported, not hidden.",2026-08-20,2026-08-20T16:18:14.828506+00:00,not_committed_pubmed_xml,cf876374122d1c8bc66f8c1b2456e31ea09d093d2c917f7247a98f4b75a8c03e,a5ce95ff60d860bd03fbdc5fe547975cf7603b5e07ce585cbdff5da8b54b44df,TEWL/erythema response and cumulative irritation were reported after repeat exposure.,True
